scenario,skus,avg_base,avg_final,avg_delta,share_drop_gt_0.3,share_drop_gt_0.7,share_final_lt_3
soft,303,4.473402095992595,4.427843029218735,-0.04555906677386099,0.0,0.0,0.0
balanced,303,4.473402095992595,4.399704576655134,-0.07369751933746213,0.039603960396039604,0.0,0.0033003300330033004
strict,303,4.473402095992595,4.385526769580959,-0.08787532641163637,0.06930693069306931,0.009900990099009901,0.013201320132013201
very_strict,303,4.473402095992595,4.398430367151092,-0.0749717288415044,0.056105610561056105,0.013201320132013201,0.013201320132013201
