category_id,category_name,skus,avg_base,avg_final_balanced
4,Зарядні станції,41,4.542119747614393,4.504653910171509
76,Портативні колонки,63,4.459698754136759,4.3912078630595355
225,Планшети,49,4.530679092602079,4.480647831874097
314,Смартфони,150,4.4416641892363256,4.348145581832615
